Walter10,Raaflaub,walter.raaflaub@students.bfh.ch
Walter11,Raaflaub,walter.raaflaub@students.bfh.ch
Walter12,Raaflaub,walter.raaflaub@students.bfh.ch
Walter13,Raaflaub,walter.raaflaub@students.bfh.ch
Walter14,Raaflaub,walter.raaflaub@students.bfh.ch
Walter15,Raaflaub,walter.raaflaub@students.bfh.ch
Walter16,Raaflaub,walter.raaflaub@students.bfh.ch
Walter17,Raaflaub,walter.raaflaub@students.bfh.ch
Walter18,Raaflaub,walter.raaflaub@students.bfh.ch
Walter19,Raaflaub,walter.raaflaub@students.bfh.ch
